{"cameraMode":{"drawMode":0,"name":"Shaded","section":"Shading Mode"},"sceneLighting":false,"audioPlay":false,"sceneViewState":{"m_AlwaysRefresh":false,"showFog":true,"showSkybox":false,"showFlares":true,"showImageEffects":true,"showParticleSystems":true,"showVisualEffectGraphs":true,"m_FxEnabled":true},"in2DMode":false,"pivot":{"x":-0.3056700825691223,"y":1.04621422290802,"z":-0.09448972344398499},"rotation":{"x":0.26590511202812197,"y":0.27700647711753847,"z":-0.08007452636957169,"w":0.9198681712150574},"size":1.1983085870742798,"orthographic":false}