{"cameraMode":{"drawMode":0,"name":"Shaded","section":"Shading Mode"},"sceneLighting":false,"audioPlay":false,"sceneViewState":{"m_AlwaysRefresh":false,"showFog":true,"showSkybox":false,"showFlares":true,"showImageEffects":true,"showParticleSystems":true,"showVisualEffectGraphs":true,"m_FxEnabled":true},"in2DMode":false,"pivot":{"x":-6.8852858543396,"y":0.0041922032833099369,"z":0.6837500333786011},"rotation":{"x":0.43354278802871706,"y":0.07283269613981247,"z":-0.03518316149711609,"w":0.8974985480308533},"size":0.7130123972892761,"orthographic":false}