{"cameraMode":{"drawMode":0,"name":"Shaded","section":"Shading Mode"},"sceneLighting":false,"audioPlay":false,"sceneViewState":{"m_AlwaysRefresh":false,"showFog":true,"showSkybox":false,"showFlares":true,"showImageEffects":true,"showParticleSystems":true,"showVisualEffectGraphs":true,"m_FxEnabled":true},"in2DMode":false,"pivot":{"x":3.498643398284912,"y":-0.7836072444915772,"z":0.7903108596801758},"rotation":{"x":0.026041187345981599,"y":0.9640348553657532,"z":-0.10305967926979065,"w":0.24359293282032014},"size":5.195254325866699,"orthographic":false}