{"cameraMode":{"drawMode":0,"name":"Shaded","section":"Shading Mode"},"sceneLighting":false,"audioPlay":false,"sceneViewState":{"m_AlwaysRefresh":false,"showFog":true,"showSkybox":false,"showFlares":true,"showImageEffects":true,"showParticleSystems":true,"showVisualEffectGraphs":true,"m_FxEnabled":true},"in2DMode":false,"pivot":{"x":3.8578999042510988,"y":4.883050441741943,"z":1.0964773893356324},"rotation":{"x":-0.34793442487716677,"y":0.19702208042144776,"z":-0.0750160813331604,"w":-0.9135374426841736},"size":0.17320498824119569,"orthographic":false}