{"cameraMode":{"drawMode":0,"name":"Shaded","section":"Shading Mode"},"sceneLighting":false,"audioPlay":false,"sceneViewState":{"m_AlwaysRefresh":false,"showFog":true,"showSkybox":false,"showFlares":true,"showImageEffects":true,"showParticleSystems":true,"showVisualEffectGraphs":true,"m_FxEnabled":true},"in2DMode":false,"pivot":{"x":1.4525917768478394,"y":3.7860474586486818,"z":26.88346290588379},"rotation":{"x":0.3268788754940033,"y":0.0028347899205982687,"z":-0.0009812547359615565,"w":0.9450646042823792},"size":3.580850601196289,"orthographic":false}