{"cameraMode":{"drawMode":0,"name":"Shaded","section":"Shading Mode"},"sceneLighting":false,"audioPlay":false,"sceneViewState":{"m_AlwaysRefresh":false,"showFog":true,"showSkybox":false,"showFlares":true,"showImageEffects":true,"showParticleSystems":true,"showVisualEffectGraphs":true,"m_FxEnabled":true},"in2DMode":false,"pivot":{"x":0.06305328011512757,"y":3.989936113357544,"z":3.2975096702575685},"rotation":{"x":0.35050180554389956,"y":-0.19869336485862733,"z":0.07635626941919327,"w":0.9120548963546753},"size":1.3318461179733277,"orthographic":false}