{"cameraMode":{"drawMode":0,"name":"Shaded","section":"Shading Mode"},"sceneLighting":false,"audioPlay":false,"sceneViewState":{"m_AlwaysRefresh":false,"showFog":true,"showSkybox":false,"showFlares":true,"showImageEffects":true,"showParticleSystems":true,"showVisualEffectGraphs":true,"m_FxEnabled":true},"in2DMode":false,"pivot":{"x":-0.04714095592498779,"y":0.4041140079498291,"z":0.03485143184661865},"rotation":{"x":0.0176289901137352,"y":0.8978973627090454,"z":0.036105748265981677,"w":-0.43839362263679507},"size":0.8660253882408142,"orthographic":false}