{"cameraMode":{"drawMode":0,"name":"Shaded","section":"Shading Mode"},"sceneLighting":false,"audioPlay":false,"sceneViewState":{"m_AlwaysRefresh":false,"showFog":true,"showSkybox":false,"showFlares":true,"showImageEffects":true,"showParticleSystems":true,"showVisualEffectGraphs":true,"m_FxEnabled":true},"in2DMode":false,"pivot":{"x":0.7007712125778198,"y":3.1568245887756349,"z":-0.13921546936035157},"rotation":{"x":-0.020145276561379434,"y":0.9263843894004822,"z":-0.3726978003978729,"w":-0.050073277205228809},"size":3.0546345710754396,"orthographic":false}