{"cameraMode":{"drawMode":0,"name":"Shaded","section":"Shading Mode"},"sceneLighting":false,"audioPlay":false,"sceneViewState":{"m_AlwaysRefresh":false,"showFog":true,"showSkybox":false,"showFlares":true,"showImageEffects":true,"showParticleSystems":true,"showVisualEffectGraphs":true,"m_FxEnabled":true},"in2DMode":false,"pivot":{"x":0.6330677270889282,"y":1.0922329425811768,"z":0.13353298604488374},"rotation":{"x":-0.0738857090473175,"y":0.9042797684669495,"z":-0.17467279732227326,"w":-0.38253670930862429},"size":2.36602520942688,"orthographic":false}