{"cameraMode":{"drawMode":0,"name":"Shaded","section":"Shading Mode"},"sceneLighting":false,"audioPlay":false,"sceneViewState":{"m_AlwaysRefresh":false,"showFog":true,"showSkybox":false,"showFlares":true,"showImageEffects":true,"showParticleSystems":true,"showVisualEffectGraphs":true,"m_FxEnabled":true},"in2DMode":false,"pivot":{"x":-9.290224075317383,"y":0.006303519010543823,"z":0.8755390048027039},"rotation":{"x":0.43354278802871706,"y":0.07283269613981247,"z":-0.03518316149711609,"w":0.8974985480308533},"size":0.8071542382240295,"orthographic":false}