{"cameraMode":{"drawMode":0,"name":"Shaded","section":"Shading Mode"},"sceneLighting":false,"audioPlay":false,"sceneViewState":{"m_AlwaysRefresh":false,"showFog":true,"showSkybox":false,"showFlares":true,"showImageEffects":true,"showParticleSystems":true,"showVisualEffectGraphs":true,"m_FxEnabled":true},"in2DMode":false,"pivot":{"x":-1.2697771787643433,"y":0.8885761499404907,"z":0.351015567779541},"rotation":{"x":-0.38379621505737307,"y":-0.004694859962910414,"z":0.001971794757992029,"w":-0.9234328269958496},"size":1.631523847579956,"orthographic":false}