{"cameraMode":{"drawMode":0,"name":"Shaded","section":"Shading Mode"},"sceneLighting":false,"audioPlay":false,"sceneViewState":{"m_AlwaysRefresh":false,"showFog":true,"showSkybox":false,"showFlares":true,"showImageEffects":true,"showParticleSystems":true,"showVisualEffectGraphs":true,"m_FxEnabled":true},"in2DMode":false,"pivot":{"x":25.528505325317384,"y":6.382953643798828,"z":-8.81268310546875},"rotation":{"x":-0.38379621505737307,"y":-0.004694859962910414,"z":0.001971794757992029,"w":-0.9234328269958496},"size":0.7988960146903992,"orthographic":false}