{"cameraMode":{"drawMode":0,"name":"Shaded","section":"Shading Mode"},"sceneLighting":false,"audioPlay":false,"sceneViewState":{"m_AlwaysRefresh":false,"showFog":true,"showSkybox":false,"showFlares":true,"showImageEffects":true,"showParticleSystems":true,"showVisualEffectGraphs":true,"m_FxEnabled":true},"in2DMode":false,"pivot":{"x":3.8012638092041017,"y":5.05208158493042,"z":2.469918966293335},"rotation":{"x":0.11872624605894089,"y":-0.17479832470417024,"z":0.021227948367595674,"w":0.9772223234176636},"size":0.2502688765525818,"orthographic":false}