{"cameraMode":{"drawMode":0,"name":"Shaded","section":"Shading Mode"},"sceneLighting":false,"audioPlay":false,"sceneViewState":{"m_AlwaysRefresh":false,"showFog":true,"showSkybox":false,"showFlares":true,"showImageEffects":true,"showParticleSystems":true,"showVisualEffectGraphs":true,"m_FxEnabled":true},"in2DMode":false,"pivot":{"x":3.5846571922302248,"y":5.869182109832764,"z":-1.1722142696380616},"rotation":{"x":0.02081421948969364,"y":0.9707244634628296,"z":-0.09142379462718964,"w":0.22127127647399903},"size":0.17320498824119569,"orthographic":false}