{"cameraMode":{"drawMode":0,"name":"Shaded","section":"Shading Mode"},"sceneLighting":true,"audioPlay":false,"sceneViewState":{"m_AlwaysRefresh":false,"showFog":true,"showSkybox":true,"showFlares":true,"showImageEffects":true,"showParticleSystems":true,"showVisualEffectGraphs":true,"m_FxEnabled":true},"in2DMode":false,"pivot":{"x":-1.8685669898986817,"y":2.6969704627990724,"z":1.5868312120437623},"rotation":{"x":0.1276295781135559,"y":-0.4525233805179596,"z":0.06560635566711426,"w":0.8801443576812744},"size":5.505740642547607,"orthographic":false}