{"cameraMode":{"drawMode":0,"name":"Shaded","section":"Shading Mode"},"sceneLighting":true,"audioPlay":false,"sceneViewState":{"m_AlwaysRefresh":false,"showFog":true,"showSkybox":true,"showFlares":true,"showImageEffects":true,"showParticleSystems":true,"showVisualEffectGraphs":true,"m_FxEnabled":true},"in2DMode":false,"pivot":{"x":10.749083518981934,"y":0.029068471863865854,"z":43.526512145996097},"rotation":{"x":-0.10555064678192139,"y":-0.20199361443519593,"z":0.0218818336725235,"w":-0.9734713435173035},"size":33.291194915771487,"orthographic":false}