{"cameraMode":{"drawMode":0,"name":"Shaded","section":"Shading Mode"},"sceneLighting":true,"audioPlay":false,"sceneViewState":{"m_AlwaysRefresh":false,"showFog":true,"showSkybox":true,"showFlares":true,"showImageEffects":true,"showParticleSystems":true,"showVisualEffectGraphs":true,"m_FxEnabled":true},"in2DMode":false,"pivot":{"x":-0.019999921321868898,"y":1.0299992561340333,"z":6.909999847412109},"rotation":{"x":0.12763087451457978,"y":-0.22408248484134675,"z":0.029614027589559556,"w":0.9657328724861145},"size":1.2869961261749268,"orthographic":true}