{"cameraMode":{"drawMode":0,"name":"Shaded","section":"Shading Mode"},"sceneLighting":true,"audioPlay":false,"sceneViewState":{"m_AlwaysRefresh":false,"showFog":true,"showSkybox":true,"showFlares":true,"showImageEffects":true,"showParticleSystems":true,"showVisualEffectGraphs":true,"m_FxEnabled":true},"in2DMode":false,"pivot":{"x":16.913198471069337,"y":2.7462573051452638,"z":17.546611785888673},"rotation":{"x":-0.23991051316261292,"y":-0.31453603506088259,"z":0.08249901235103607,"w":-0.9147245287895203},"size":25.136741638183595,"orthographic":true}