{"cameraMode":{"drawMode":0,"name":"Shaded","section":"Shading Mode"},"sceneLighting":true,"audioPlay":false,"sceneViewState":{"m_AlwaysRefresh":false,"showFog":true,"showSkybox":true,"showFlares":true,"showImageEffects":true,"showParticleSystems":true,"showVisualEffectGraphs":true,"m_FxEnabled":true},"in2DMode":false,"pivot":{"x":6.601934432983398,"y":12.99806022644043,"z":-4.933005332946777},"rotation":{"x":0.29397937655448916,"y":-0.21964676678180695,"z":0.06961271166801453,"w":0.9276400804519653},"size":1.2124358415603638,"orthographic":false}