{"cameraMode":{"drawMode":0,"name":"Shaded","section":"Shading Mode"},"sceneLighting":true,"audioPlay":false,"sceneViewState":{"m_AlwaysRefresh":false,"showFog":true,"showSkybox":true,"showFlares":true,"showImageEffects":true,"showParticleSystems":true,"showVisualEffectGraphs":true,"m_FxEnabled":true},"in2DMode":false,"pivot":{"x":-4.300382614135742,"y":1.7893091440200806,"z":1.6516612768173218},"rotation":{"x":0.056331925094127658,"y":0.314963161945343,"z":-0.018729951232671739,"w":0.9472597241401672},"size":6.47395133972168,"orthographic":true}