{"cameraMode":{"drawMode":0,"name":"Shaded","section":"Shading Mode"},"sceneLighting":true,"audioPlay":false,"sceneViewState":{"m_AlwaysRefresh":false,"showFog":true,"showSkybox":true,"showFlares":true,"showImageEffects":true,"showParticleSystems":true,"showVisualEffectGraphs":true,"m_FxEnabled":true},"in2DMode":false,"pivot":{"x":-0.14994563162326814,"y":-1.5561190843582154,"z":0.6521995663642883},"rotation":{"x":-0.11722514033317566,"y":0.6418662071228027,"z":-0.10016908496618271,"w":-0.751164436340332},"size":0.6073950529098511,"orthographic":false}