{"cameraMode":{"drawMode":0,"name":"Shaded","section":"Shading Mode"},"sceneLighting":true,"audioPlay":false,"sceneViewState":{"m_AlwaysRefresh":false,"showFog":true,"showSkybox":true,"showFlares":true,"showImageEffects":true,"showParticleSystems":true,"showVisualEffectGraphs":true,"m_FxEnabled":true},"in2DMode":false,"pivot":{"x":-10.989300727844239,"y":-0.7043238878250122,"z":-10.403976440429688},"rotation":{"x":-0.025626568123698236,"y":0.8983858227729797,"z":-0.05289655178785324,"w":-0.4352976977825165},"size":12.12435531616211,"orthographic":false}